tar_name,filepath,hash
timeseries_png_10865261,3_visualize/out/timeseries_AK.png,dc23ca7e18509c4f
timeseries_png_f58d010e,3_visualize/out/timeseries_AL.png,18d76c42d044a260
timeseries_png_5ad9d551,3_visualize/out/timeseries_AR.png,3c1ba929742727c5
timeseries_png_6037d3b0,3_visualize/out/timeseries_AZ.png,f85fec624d30ade8
timeseries_png_f41ca845,3_visualize/out/timeseries_CA.png,061617f7e5764c4b
timeseries_png_4059bb87,3_visualize/out/timeseries_CO.png,de1c7b3b13b1bf61
timeseries_png_ffe7766b,3_visualize/out/timeseries_CT.png,eb029e4472a658e8
timeseries_png_c6bdd7c3,3_visualize/out/timeseries_DC.png,eaacb85de3369912
timeseries_png_50417ec1,3_visualize/out/timeseries_DE.png,3d524b0c6c850ab5
timeseries_png_ba8b8c90,3_visualize/out/timeseries_FL.png,b1cb25ebe8d846d2
timeseries_png_60194b4c,3_visualize/out/timeseries_GA.png,d3713e9ae874d029
timeseries_png_6db6f51e,3_visualize/out/timeseries_GU.png,95df97df150cc46d
timeseries_png_f62c4b72,3_visualize/out/timeseries_HI.png,6b5d779c58005192
timeseries_png_d562d323,3_visualize/out/timeseries_IA.png,45a49db898b5aedd
timeseries_png_63d10521,3_visualize/out/timeseries_ID.png,026f5e83bbb510e7
timeseries_png_ef44dd21,3_visualize/out/timeseries_IL.png,65bad402da1c43e5
timeseries_png_6728663f,3_visualize/out/timeseries_IN.png,c0cbd39ac29daee3
timeseries_png_d5be474c,3_visualize/out/timeseries_KS.png,da21deef7e54e6fd
timeseries_png_fe615623,3_visualize/out/timeseries_KY.png,5cbae457aee2b32a
timeseries_png_727cee8f,3_visualize/out/timeseries_LA.png,24e5951e5be2fdc5
timeseries_png_25482835,3_visualize/out/timeseries_MA.png,94d0330cb40d1ae0
timeseries_png_a5557e47,3_visualize/out/timeseries_MD.png,bca84c20b6737fd5
timeseries_png_96daa7bc,3_visualize/out/timeseries_ME.png,ff28bf471f3c95d5
timeseries_png_316908cf,3_visualize/out/timeseries_MI.png,e097fc39d823e2e7
timeseries_png_c8bfb773,3_visualize/out/timeseries_MN.png,5fe60920a1b99e2c
timeseries_png_da12c451,3_visualize/out/timeseries_MO.png,668ca4d54aac8930
timeseries_png_5f94ad7a,3_visualize/out/timeseries_MS.png,ee47fc0fedceb1a0
timeseries_png_f996d997,3_visualize/out/timeseries_MT.png,4d9227205eef83fc
timeseries_png_abb23ae2,3_visualize/out/timeseries_NC.png,90f881efe6bced92
timeseries_png_0c485b2f,3_visualize/out/timeseries_ND.png,62bd6cec47f191e6
timeseries_png_b9eca930,3_visualize/out/timeseries_NE.png,5c9205857669dbe8
timeseries_png_2ed82f7a,3_visualize/out/timeseries_NH.png,c86fa48c48810749
timeseries_png_296d6300,3_visualize/out/timeseries_NJ.png,ce28b1a1cc9039af
timeseries_png_7a0ad4c2,3_visualize/out/timeseries_NM.png,0cc6102287f78477
timeseries_png_af8ea5e6,3_visualize/out/timeseries_NV.png,cc189c68039f6a7a
timeseries_png_17e871d0,3_visualize/out/timeseries_NY.png,95eb5879a6a278ad
timeseries_png_f6de0430,3_visualize/out/timeseries_OH.png,59593e5af2310b85
timeseries_png_820c2fd8,3_visualize/out/timeseries_OK.png,a2d3a32bf6dff97c
timeseries_png_f1aba425,3_visualize/out/timeseries_OR.png,1e3b61c20c3eb59c
timeseries_png_14fe4c35,3_visualize/out/timeseries_PA.png,a02dc1a1f42b5b9b
timeseries_png_14ef26ab,3_visualize/out/timeseries_PR.png,16eda44b6698d7ad
timeseries_png_96343989,3_visualize/out/timeseries_RI.png,a5ce3cdf09523516
timeseries_png_db141e56,3_visualize/out/timeseries_SC.png,8883b5e428f13c41
timeseries_png_702403a5,3_visualize/out/timeseries_SD.png,3e799b1760959e69
timeseries_png_6998842c,3_visualize/out/timeseries_TN.png,6a3853f80db6c369
timeseries_png_7874deba,3_visualize/out/timeseries_TX.png,59a3db297d4d5b95
timeseries_png_39bef620,3_visualize/out/timeseries_UT.png,1e581fb409e6b1c4
timeseries_png_9d4c6f78,3_visualize/out/timeseries_VA.png,659777c821baf7a1
timeseries_png_6a1a96ce,3_visualize/out/timeseries_VT.png,b48bc0dc3794eacc
timeseries_png_9e26f9b5,3_visualize/out/timeseries_WA.png,772e2a852444e41b
timeseries_png_10ad5a1a,3_visualize/out/timeseries_WI.png,40508d026e66d12c
timeseries_png_d645c6ac,3_visualize/out/timeseries_WV.png,60d7c896c2db9198
timeseries_png_aaeaf0f5,3_visualize/out/timeseries_WY.png,9853b6ecef42fad0
